고객이름,증권사,계좌번호,계좌명,ISIN,현재가,보유수량
류영길,디셈버증권,5736692368320,계좌1,KR7360750004,8585,21
류영길,디셈버증권,5736692368320,계좌1,KR7133690008,14459,13
류영길,디셈버증권,5736692368320,계좌1,KR7203780002,12707,12
류영길,디셈버증권,5736692368320,계좌1,KR7200020006,7195,8
류영길,디셈버증권,5736692368320,계좌1,KR7251350005,14210,7
류영길,디셈버증권,5736692368320,계좌1,KR7241180009,12872,22
류영길,디셈버증권,5736692368320,계좌1,KR7245710009,6738,24
류영길,디셈버증권,5736692368320,계좌1,KR7195980008,14173,15
류영길,디셈버증권,5736692368320,계좌1,KR7195980002,6130,1
류영길,디셈버증권,5736692368320,계좌1,KR7261220008,13458,21
류영길,디셈버증권,5736692368320,계좌1,KR7130680002,4912,21
류영길,디셈버증권,5736692368320,계좌1,KR7153130000,8399,18
류영길,디셈버증권,5736692368320,계좌1,KR7332620004,2049,13
류영길,디셈버증권,5736692368320,계좌1,CASH,24269,1
권상호,핀트투자증권,1573538006848,계좌2,KR7360750004,9111,23
권상호,핀트투자증권,1573538006848,계좌2,KR7133690008,9024,15
권상호,핀트투자증권,1573538006848,계좌2,KR7203780002,2761,17
권상호,핀트투자증권,1573538006848,계좌2,KR7200020006,12179,22
권상호,핀트투자증권,1573538006848,계좌2,KR7251350005,12788,24
권상호,핀트투자증권,1573538006848,계좌2,KR7241180009,3551,19
권상호,핀트투자증권,1573538006848,계좌2,KR7245710009,1200,24
권상호,핀트투자증권,1573538006848,계좌2,KR7195980008,9006,5
권상호,핀트투자증권,1573538006848,계좌2,KR7195980002,13517,20
권상호,핀트투자증권,1573538006848,계좌2,KR7261220008,9752,14
권상호,핀트투자증권,1573538006848,계좌2,KR7130680002,1267,18
권상호,핀트투자증권,1573538006848,계좌2,KR7153130000,12347,11
권상호,핀트투자증권,1573538006848,계좌2,KR7332620004,8265,6
권상호,핀트투자증권,1573538006848,계좌2,CASH,21297,1
배성진,베스트투자,8699709932280,계좌3,KR7360750004,12339,18
배성진,베스트투자,8699709932280,계좌3,KR7133690008,7033,8
배성진,베스트투자,8699709932280,계좌3,KR7203780002,8413,1
배성진,베스트투자,8699709932280,계좌3,KR7200020006,6946,1
배성진,베스트투자,8699709932280,계좌3,KR7251350005,11373,24
배성진,베스트투자,8699709932280,계좌3,KR7241180009,10596,2
배성진,베스트투자,8699709932280,계좌3,KR7245710009,7811,3
배성진,베스트투자,8699709932280,계좌3,KR7195980008,4664,11
배성진,베스트투자,8699709932280,계좌3,KR7195980002,4215,22
배성진,베스트투자,8699709932280,계좌3,KR7261220008,10760,18
배성진,베스트투자,8699709932280,계좌3,KR7130680002,13846,24
배성진,베스트투자,8699709932280,계좌3,KR7153130000,2681,15
배성진,베스트투자,8699709932280,계좌3,KR7332620004,7539,16
배성진,베스트투자,8699709932280,계좌3,CASH,16498,1
윤재호,디셈버증권,1623177400337,계좌4,KR7360750004,13280,13
윤재호,디셈버증권,1623177400337,계좌4,KR7133690008,10947,25
윤재호,디셈버증권,1623177400337,계좌4,KR7203780002,1946,3
윤재호,디셈버증권,1623177400337,계좌4,KR7200020006,9722,1
윤재호,디셈버증권,1623177400337,계좌4,KR7251350005,5431,11
윤재호,디셈버증권,1623177400337,계좌4,KR7241180009,4364,11
윤재호,디셈버증권,1623177400337,계좌4,KR7245710009,14926,20
윤재호,디셈버증권,1623177400337,계좌4,KR7195980008,13643,18
윤재호,디셈버증권,1623177400337,계좌4,KR7195980002,5411,17
윤재호,디셈버증권,1623177400337,계좌4,KR7261220008,3909,10
윤재호,디셈버증권,1623177400337,계좌4,KR7130680002,6907,13
윤재호,디셈버증권,1623177400337,계좌4,KR7153130000,11142,8
윤재호,디셈버증권,1623177400337,계좌4,KR7332620004,3915,17
윤재호,디셈버증권,1623177400337,계좌4,CASH,16365,1
윤현숙,핀트투자증권,5961683984108,계좌5,KR7360750004,4163,22
윤현숙,핀트투자증권,5961683984108,계좌5,KR7133690008,8930,16
윤현숙,핀트투자증권,5961683984108,계좌5,KR7203780002,2822,21
윤현숙,핀트투자증권,5961683984108,계좌5,KR7200020006,10245,22
윤현숙,핀트투자증권,5961683984108,계좌5,KR7251350005,5404,10
윤현숙,핀트투자증권,5961683984108,계좌5,KR7241180009,10966,17
윤현숙,핀트투자증권,5961683984108,계좌5,KR7245710009,4838,19
윤현숙,핀트투자증권,5961683984108,계좌5,KR7195980008,13295,2
윤현숙,핀트투자증권,5961683984108,계좌5,KR7195980002,2427,10
윤현숙,핀트투자증권,5961683984108,계좌5,KR7261220008,6012,0
윤현숙,핀트투자증권,5961683984108,계좌5,KR7130680002,12038,5
윤현숙,핀트투자증권,5961683984108,계좌5,KR7153130000,11054,8
윤현숙,핀트투자증권,5961683984108,계좌5,KR7332620004,13287,16
윤현숙,핀트투자증권,5961683984108,계좌5,CASH,11829,1
최도현,베스트투자,7564548104802,계좌6,KR7360750004,11422,6
최도현,베스트투자,7564548104802,계좌6,KR7133690008,9715,15
최도현,베스트투자,7564548104802,계좌6,KR7203780002,13318,9
최도현,베스트투자,7564548104802,계좌6,KR7200020006,4915,19
최도현,베스트투자,7564548104802,계좌6,KR7251350005,8386,8
최도현,베스트투자,7564548104802,계좌6,KR7241180009,13249,0
최도현,베스트투자,7564548104802,계좌6,KR7245710009,12791,4
최도현,베스트투자,7564548104802,계좌6,KR7195980008,10934,16
최도현,베스트투자,7564548104802,계좌6,KR7195980002,7559,0
최도현,베스트투자,7564548104802,계좌6,KR7261220008,4353,14
최도현,베스트투자,7564548104802,계좌6,KR7130680002,12397,6
최도현,베스트투자,7564548104802,계좌6,KR7153130000,5080,8
최도현,베스트투자,7564548104802,계좌6,KR7332620004,14182,13
최도현,베스트투자,7564548104802,계좌6,CASH,18608,1
윤채원,디셈버증권,5608672867775,계좌7,KR7360750004,8165,25
윤채원,디셈버증권,5608672867775,계좌7,KR7133690008,4122,21
윤채원,디셈버증권,5608672867775,계좌7,KR7203780002,12942,7
윤채원,디셈버증권,5608672867775,계좌7,KR7200020006,3238,15
윤채원,디셈버증권,5608672867775,계좌7,KR7251350005,5175,14
윤채원,디셈버증권,5608672867775,계좌7,KR7241180009,13092,15
윤채원,디셈버증권,5608672867775,계좌7,KR7245710009,12598,17
윤채원,디셈버증권,5608672867775,계좌7,KR7195980008,6008,6
윤채원,디셈버증권,5608672867775,계좌7,KR7195980002,5792,9
윤채원,디셈버증권,5608672867775,계좌7,KR7261220008,5239,18
윤채원,디셈버증권,5608672867775,계좌7,KR7130680002,12119,24
윤채원,디셈버증권,5608672867775,계좌7,KR7153130000,11341,12
윤채원,디셈버증권,5608672867775,계좌7,KR7332620004,8049,15
윤채원,디셈버증권,5608672867775,계좌7,CASH,22479,1
최승현,핀트투자증권,2426363594884,계좌8,KR7360750004,1076,23
최승현,핀트투자증권,2426363594884,계좌8,KR7133690008,13379,13
최승현,핀트투자증권,2426363594884,계좌8,KR7203780002,4570,8
최승현,핀트투자증권,2426363594884,계좌8,KR7200020006,13534,0
최승현,핀트투자증권,2426363594884,계좌8,KR7251350005,12270,0
최승현,핀트투자증권,2426363594884,계좌8,KR7241180009,11887,2
최승현,핀트투자증권,2426363594884,계좌8,KR7245710009,4417,3
최승현,핀트투자증권,2426363594884,계좌8,KR7195980008,1520,22
최승현,핀트투자증권,2426363594884,계좌8,KR7195980002,8364,7
최승현,핀트투자증권,2426363594884,계좌8,KR7261220008,8605,2
최승현,핀트투자증권,2426363594884,계좌8,KR7130680002,12376,2
최승현,핀트투자증권,2426363594884,계좌8,KR7153130000,11556,20
최승현,핀트투자증권,2426363594884,계좌8,KR7332620004,8995,4
최승현,핀트투자증권,2426363594884,계좌8,CASH,17921,1
홍경희,베스트투자,6082439608037,계좌9,KR7360750004,12663,2
홍경희,베스트투자,6082439608037,계좌9,KR7133690008,4861,13
홍경희,베스트투자,6082439608037,계좌9,KR7203780002,12895,16
홍경희,베스트투자,6082439608037,계좌9,KR7200020006,6047,21
홍경희,베스트투자,6082439608037,계좌9,KR7251350005,14935,2
홍경희,베스트투자,6082439608037,계좌9,KR7241180009,9992,7
홍경희,베스트투자,6082439608037,계좌9,KR7245710009,14890,23
홍경희,베스트투자,6082439608037,계좌9,KR7195980008,12260,6
홍경희,베스트투자,6082439608037,계좌9,KR7195980002,2022,2
홍경희,베스트투자,6082439608037,계좌9,KR7261220008,11409,14
홍경희,베스트투자,6082439608037,계좌9,KR7130680002,4465,8
홍경희,베스트투자,6082439608037,계좌9,KR7153130000,1658,0
홍경희,베스트투자,6082439608037,계좌9,KR7332620004,1312,23
홍경희,베스트투자,6082439608037,계좌9,CASH,23577,1
홍지현,디셈버증권,9686762440998,계좌10,KR7360750004,5947,18
홍지현,디셈버증권,9686762440998,계좌10,KR7133690008,11130,21
홍지현,디셈버증권,9686762440998,계좌10,KR7203780002,5939,16
홍지현,디셈버증권,9686762440998,계좌10,KR7200020006,5098,5
홍지현,디셈버증권,9686762440998,계좌10,KR7251350005,10612,6
홍지현,디셈버증권,9686762440998,계좌10,KR7241180009,8696,2
홍지현,디셈버증권,9686762440998,계좌10,KR7245710009,14769,19
홍지현,디셈버증권,9686762440998,계좌10,KR7195980008,5637,6
홍지현,디셈버증권,9686762440998,계좌10,KR7195980002,4756,0
홍지현,디셈버증권,9686762440998,계좌10,KR7261220008,11918,18
홍지현,디셈버증권,9686762440998,계좌10,KR7130680002,7508,2
홍지현,디셈버증권,9686762440998,계좌10,KR7153130000,13004,7
홍지현,디셈버증권,9686762440998,계좌10,KR7332620004,12409,9
홍지현,디셈버증권,9686762440998,계좌10,CASH,21234,1
백준혁,핀트투자증권,4979006978124,계좌11,KR7360750004,7199,25
백준혁,핀트투자증권,4979006978124,계좌11,KR7133690008,4501,19
백준혁,핀트투자증권,4979006978124,계좌11,KR7203780002,2159,3
백준혁,핀트투자증권,4979006978124,계좌11,KR7200020006,4314,16
백준혁,핀트투자증권,4979006978124,계좌11,KR7251350005,3606,8
백준혁,핀트투자증권,4979006978124,계좌11,KR7241180009,11602,3
백준혁,핀트투자증권,4979006978124,계좌11,KR7245710009,2367,18
백준혁,핀트투자증권,4979006978124,계좌11,KR7195980008,10725,6
백준혁,핀트투자증권,4979006978124,계좌11,KR7195980002,4424,11
백준혁,핀트투자증권,4979006978124,계좌11,KR7261220008,9004,10
백준혁,핀트투자증권,4979006978124,계좌11,KR7130680002,2978,9
백준혁,핀트투자증권,4979006978124,계좌11,KR7153130000,12242,1
백준혁,핀트투자증권,4979006978124,계좌11,KR7332620004,13918,25
백준혁,핀트투자증권,4979006978124,계좌11,CASH,19777,1
강하은,베스트투자,1114693681671,계좌12,KR7360750004,5481,20
강하은,베스트투자,1114693681671,계좌12,KR7133690008,5529,16
강하은,베스트투자,1114693681671,계좌12,KR7203780002,2744,15
강하은,베스트투자,1114693681671,계좌12,KR7200020006,11201,18
강하은,베스트투자,1114693681671,계좌12,KR7251350005,12656,22
강하은,베스트투자,1114693681671,계좌12,KR7241180009,11166,9
강하은,베스트투자,1114693681671,계좌12,KR7245710009,4727,10
강하은,베스트투자,1114693681671,계좌12,KR7195980008,12689,14
강하은,베스트투자,1114693681671,계좌12,KR7195980002,13889,10
강하은,베스트투자,1114693681671,계좌12,KR7261220008,6346,0
강하은,베스트투자,1114693681671,계좌12,KR7130680002,8046,9
강하은,베스트투자,1114693681671,계좌12,KR7153130000,5759,18
강하은,베스트투자,1114693681671,계좌12,KR7332620004,13591,25
강하은,베스트투자,1114693681671,계좌12,CASH,21216,1
오영길,디셈버증권,1924410018488,계좌13,KR7360750004,4773,7
오영길,디셈버증권,1924410018488,계좌13,KR7133690008,4988,17
오영길,디셈버증권,1924410018488,계좌13,KR7203780002,14875,9
오영길,디셈버증권,1924410018488,계좌13,KR7200020006,2320,1
오영길,디셈버증권,1924410018488,계좌13,KR7251350005,1301,5
오영길,디셈버증권,1924410018488,계좌13,KR7241180009,9410,19
오영길,디셈버증권,1924410018488,계좌13,KR7245710009,8272,13
오영길,디셈버증권,1924410018488,계좌13,KR7195980008,7334,12
오영길,디셈버증권,1924410018488,계좌13,KR7195980002,7503,25
오영길,디셈버증권,1924410018488,계좌13,KR7261220008,8842,19
오영길,디셈버증권,1924410018488,계좌13,KR7130680002,7033,13
오영길,디셈버증권,1924410018488,계좌13,KR7153130000,11159,17
오영길,디셈버증권,1924410018488,계좌13,KR7332620004,8493,25
오영길,디셈버증권,1924410018488,계좌13,CASH,18079,1
이정희,핀트투자증권,5233750681488,계좌14,KR7360750004,2545,18
이정희,핀트투자증권,5233750681488,계좌14,KR7133690008,3472,20
이정희,핀트투자증권,5233750681488,계좌14,KR7203780002,3229,1
이정희,핀트투자증권,5233750681488,계좌14,KR7200020006,10698,9
이정희,핀트투자증권,5233750681488,계좌14,KR7251350005,10895,21
이정희,핀트투자증권,5233750681488,계좌14,KR7241180009,6152,11
이정희,핀트투자증권,5233750681488,계좌14,KR7245710009,1928,3
이정희,핀트투자증권,5233750681488,계좌14,KR7195980008,9020,11
이정희,핀트투자증권,5233750681488,계좌14,KR7195980002,2301,4
이정희,핀트투자증권,5233750681488,계좌14,KR7261220008,11534,24
이정희,핀트투자증권,5233750681488,계좌14,KR7130680002,14780,3
이정희,핀트투자증권,5233750681488,계좌14,KR7153130000,10705,21
이정희,핀트투자증권,5233750681488,계좌14,KR7332620004,10671,24
이정희,핀트투자증권,5233750681488,계좌14,CASH,14592,1
김윤서,베스트투자,280684198921,계좌15,KR7360750004,2253,25
김윤서,베스트투자,280684198921,계좌15,KR7133690008,12865,6
김윤서,베스트투자,280684198921,계좌15,KR7203780002,1675,7
김윤서,베스트투자,280684198921,계좌15,KR7200020006,3038,24
김윤서,베스트투자,280684198921,계좌15,KR7251350005,8413,17
김윤서,베스트투자,280684198921,계좌15,KR7241180009,13595,24
김윤서,베스트투자,280684198921,계좌15,KR7245710009,9682,3
김윤서,베스트투자,280684198921,계좌15,KR7195980008,3998,9
김윤서,베스트투자,280684198921,계좌15,KR7195980002,13861,0
김윤서,베스트투자,280684198921,계좌15,KR7261220008,3741,24
김윤서,베스트투자,280684198921,계좌15,KR7130680002,5705,14
김윤서,베스트투자,280684198921,계좌15,KR7153130000,2042,10
김윤서,베스트투자,280684198921,계좌15,KR7332620004,3289,4
김윤서,베스트투자,280684198921,계좌15,CASH,16865,1
김성현,디셈버증권,9455738354528,계좌16,KR7360750004,13350,12
김성현,디셈버증권,9455738354528,계좌16,KR7133690008,10679,22
김성현,디셈버증권,9455738354528,계좌16,KR7203780002,6161,12
김성현,디셈버증권,9455738354528,계좌16,KR7200020006,14531,11
김성현,디셈버증권,9455738354528,계좌16,KR7251350005,10917,22
김성현,디셈버증권,9455738354528,계좌16,KR7241180009,10377,18
김성현,디셈버증권,9455738354528,계좌16,KR7245710009,9988,4
김성현,디셈버증권,9455738354528,계좌16,KR7195980008,3742,10
김성현,디셈버증권,9455738354528,계좌16,KR7195980002,10087,5
김성현,디셈버증권,9455738354528,계좌16,KR7261220008,10337,15
김성현,디셈버증권,9455738354528,계좌16,KR7130680002,11231,14
김성현,디셈버증권,9455738354528,계좌16,KR7153130000,10292,22
김성현,디셈버증권,9455738354528,계좌16,KR7332620004,1929,24
김성현,디셈버증권,9455738354528,계좌16,CASH,15607,1
백순옥,핀트투자증권,2307144575905,계좌17,KR7360750004,12550,16
백순옥,핀트투자증권,2307144575905,계좌17,KR7133690008,12740,11
백순옥,핀트투자증권,2307144575905,계좌17,KR7203780002,5508,15
백순옥,핀트투자증권,2307144575905,계좌17,KR7200020006,10024,18
백순옥,핀트투자증권,2307144575905,계좌17,KR7251350005,3464,20
백순옥,핀트투자증권,2307144575905,계좌17,KR7241180009,3855,9
백순옥,핀트투자증권,2307144575905,계좌17,KR7245710009,5892,5
백순옥,핀트투자증권,2307144575905,계좌17,KR7195980008,4367,5
백순옥,핀트투자증권,2307144575905,계좌17,KR7195980002,10466,24
백순옥,핀트투자증권,2307144575905,계좌17,KR7261220008,1286,22
백순옥,핀트투자증권,2307144575905,계좌17,KR7130680002,7650,11
백순옥,핀트투자증권,2307144575905,계좌17,KR7153130000,6079,10
백순옥,핀트투자증권,2307144575905,계좌17,KR7332620004,1253,25
백순옥,핀트투자증권,2307144575905,계좌17,CASH,18949,1
김지은,베스트투자,350907569392,계좌18,KR7360750004,14428,17
김지은,베스트투자,350907569392,계좌18,KR7133690008,6949,3
김지은,베스트투자,350907569392,계좌18,KR7203780002,8220,18
김지은,베스트투자,350907569392,계좌18,KR7200020006,8613,25
김지은,베스트투자,350907569392,계좌18,KR7251350005,11732,2
김지은,베스트투자,350907569392,계좌18,KR7241180009,4610,2
김지은,베스트투자,350907569392,계좌18,KR7245710009,2475,4
김지은,베스트투자,350907569392,계좌18,KR7195980008,7797,22
김지은,베스트투자,350907569392,계좌18,KR7195980002,9642,9
김지은,베스트투자,350907569392,계좌18,KR7261220008,7949,15
김지은,베스트투자,350907569392,계좌18,KR7130680002,14199,21
김지은,베스트투자,350907569392,계좌18,KR7153130000,14936,18
김지은,베스트투자,350907569392,계좌18,KR7332620004,1526,24
김지은,베스트투자,350907569392,계좌18,CASH,23728,1
이경숙,디셈버증권,4204740920543,계좌19,KR7360750004,9856,15
이경숙,디셈버증권,4204740920543,계좌19,KR7133690008,3926,25
이경숙,디셈버증권,4204740920543,계좌19,KR7203780002,10171,12
이경숙,디셈버증권,4204740920543,계좌19,KR7200020006,8041,23
이경숙,디셈버증권,4204740920543,계좌19,KR7251350005,14169,12
이경숙,디셈버증권,4204740920543,계좌19,KR7241180009,8718,0
이경숙,디셈버증권,4204740920543,계좌19,KR7245710009,11295,13
이경숙,디셈버증권,4204740920543,계좌19,KR7195980008,12476,11
이경숙,디셈버증권,4204740920543,계좌19,KR7195980002,11025,13
이경숙,디셈버증권,4204740920543,계좌19,KR7261220008,14038,24
이경숙,디셈버증권,4204740920543,계좌19,KR7130680002,1057,9
이경숙,디셈버증권,4204740920543,계좌19,KR7153130000,1215,25
이경숙,디셈버증권,4204740920543,계좌19,KR7332620004,14250,24
이경숙,디셈버증권,4204740920543,계좌19,CASH,14857,1
유상훈,핀트투자증권,3337851537476,계좌20,KR7360750004,10436,25
유상훈,핀트투자증권,3337851537476,계좌20,KR7133690008,10971,20
유상훈,핀트투자증권,3337851537476,계좌20,KR7203780002,13326,13
유상훈,핀트투자증권,3337851537476,계좌20,KR7200020006,3102,16
유상훈,핀트투자증권,3337851537476,계좌20,KR7251350005,2574,14
유상훈,핀트투자증권,3337851537476,계좌20,KR7241180009,3716,21
유상훈,핀트투자증권,3337851537476,계좌20,KR7245710009,12865,25
유상훈,핀트투자증권,3337851537476,계좌20,KR7195980008,12702,12
유상훈,핀트투자증권,3337851537476,계좌20,KR7195980002,13559,1
유상훈,핀트투자증권,3337851537476,계좌20,KR7261220008,3027,17
유상훈,핀트투자증권,3337851537476,계좌20,KR7130680002,12818,11
유상훈,핀트투자증권,3337851537476,계좌20,KR7153130000,8119,3
유상훈,핀트투자증권,3337851537476,계좌20,KR7332620004,8474,3
유상훈,핀트투자증권,3337851537476,계좌20,CASH,14615,1
이영식,베스트투자,659786260698,계좌21,KR7360750004,9045,2
이영식,베스트투자,659786260698,계좌21,KR7133690008,3994,6
이영식,베스트투자,659786260698,계좌21,KR7203780002,5099,4
이영식,베스트투자,659786260698,계좌21,KR7200020006,2651,14
이영식,베스트투자,659786260698,계좌21,KR7251350005,10957,14
이영식,베스트투자,659786260698,계좌21,KR7241180009,14381,20
이영식,베스트투자,659786260698,계좌21,KR7245710009,4838,18
이영식,베스트투자,659786260698,계좌21,KR7195980008,10621,5
이영식,베스트투자,659786260698,계좌21,KR7195980002,2223,12
이영식,베스트투자,659786260698,계좌21,KR7261220008,9752,15
이영식,베스트투자,659786260698,계좌21,KR7130680002,7533,10
이영식,베스트투자,659786260698,계좌21,KR7153130000,5611,21
이영식,베스트투자,659786260698,계좌21,KR7332620004,2052,12
이영식,베스트투자,659786260698,계좌21,CASH,20136,1
류유진,디셈버증권,7279577843423,계좌22,KR7360750004,2603,14
류유진,디셈버증권,7279577843423,계좌22,KR7133690008,12060,3
류유진,디셈버증권,7279577843423,계좌22,KR7203780002,11631,21
류유진,디셈버증권,7279577843423,계좌22,KR7200020006,2052,24
류유진,디셈버증권,7279577843423,계좌22,KR7251350005,14801,21
류유진,디셈버증권,7279577843423,계좌22,KR7241180009,11933,16
류유진,디셈버증권,7279577843423,계좌22,KR7245710009,6523,7
류유진,디셈버증권,7279577843423,계좌22,KR7195980008,1023,8
류유진,디셈버증권,7279577843423,계좌22,KR7195980002,6842,11
류유진,디셈버증권,7279577843423,계좌22,KR7261220008,11164,2
류유진,디셈버증권,7279577843423,계좌22,KR7130680002,9669,6
류유진,디셈버증권,7279577843423,계좌22,KR7153130000,5456,2
류유진,디셈버증권,7279577843423,계좌22,KR7332620004,1804,23
류유진,디셈버증권,7279577843423,계좌22,CASH,13746,1
지예지,핀트투자증권,6668417147851,계좌23,KR7360750004,11371,11
지예지,핀트투자증권,6668417147851,계좌23,KR7133690008,4125,23
지예지,핀트투자증권,6668417147851,계좌23,KR7203780002,14249,2
지예지,핀트투자증권,6668417147851,계좌23,KR7200020006,6701,20
지예지,핀트투자증권,6668417147851,계좌23,KR7251350005,3782,20
지예지,핀트투자증권,6668417147851,계좌23,KR7241180009,6008,0
지예지,핀트투자증권,6668417147851,계좌23,KR7245710009,6376,25
지예지,핀트투자증권,6668417147851,계좌23,KR7195980008,8173,2
지예지,핀트투자증권,6668417147851,계좌23,KR7195980002,1557,23
지예지,핀트투자증권,6668417147851,계좌23,KR7261220008,11047,12
지예지,핀트투자증권,6668417147851,계좌23,KR7130680002,3840,11
지예지,핀트투자증권,6668417147851,계좌23,KR7153130000,5293,9
지예지,핀트투자증권,6668417147851,계좌23,KR7332620004,1647,22
지예지,핀트투자증권,6668417147851,계좌23,CASH,17061,1
류영식,베스트투자,2025324411149,계좌24,KR7360750004,14441,7
류영식,베스트투자,2025324411149,계좌24,KR7133690008,6294,9
류영식,베스트투자,2025324411149,계좌24,KR7203780002,8673,1
류영식,베스트투자,2025324411149,계좌24,KR7200020006,6130,23
류영식,베스트투자,2025324411149,계좌24,KR7251350005,3267,14
류영식,베스트투자,2025324411149,계좌24,KR7241180009,9384,20
류영식,베스트투자,2025324411149,계좌24,KR7245710009,6691,24
류영식,베스트투자,2025324411149,계좌24,KR7195980008,12087,9
류영식,베스트투자,2025324411149,계좌24,KR7195980002,12271,13
류영식,베스트투자,2025324411149,계좌24,KR7261220008,5298,20
류영식,베스트투자,2025324411149,계좌24,KR7130680002,12036,10
류영식,베스트투자,2025324411149,계좌24,KR7153130000,6435,0
류영식,베스트투자,2025324411149,계좌24,KR7332620004,11540,11
류영식,베스트투자,2025324411149,계좌24,CASH,24185,1
이현숙,디셈버증권,6291133073694,계좌25,KR7360750004,14715,2
이현숙,디셈버증권,6291133073694,계좌25,KR7133690008,14560,22
이현숙,디셈버증권,6291133073694,계좌25,KR7203780002,7323,3
이현숙,디셈버증권,6291133073694,계좌25,KR7200020006,4415,22
이현숙,디셈버증권,6291133073694,계좌25,KR7251350005,12644,25
이현숙,디셈버증권,6291133073694,계좌25,KR7241180009,13634,11
이현숙,디셈버증권,6291133073694,계좌25,KR7245710009,6135,19
이현숙,디셈버증권,6291133073694,계좌25,KR7195980008,2957,12
이현숙,디셈버증권,6291133073694,계좌25,KR7195980002,11106,20
이현숙,디셈버증권,6291133073694,계좌25,KR7261220008,10770,25
이현숙,디셈버증권,6291133073694,계좌25,KR7130680002,4367,3
이현숙,디셈버증권,6291133073694,계좌25,KR7153130000,9287,15
이현숙,디셈버증권,6291133073694,계좌25,KR7332620004,3144,6
이현숙,디셈버증권,6291133073694,계좌25,CASH,14034,1
박현지,핀트투자증권,5075975220192,계좌26,KR7360750004,13885,25
박현지,핀트투자증권,5075975220192,계좌26,KR7133690008,8799,3
박현지,핀트투자증권,5075975220192,계좌26,KR7203780002,4574,8
박현지,핀트투자증권,5075975220192,계좌26,KR7200020006,4957,13
박현지,핀트투자증권,5075975220192,계좌26,KR7251350005,6709,1
박현지,핀트투자증권,5075975220192,계좌26,KR7241180009,11878,13
박현지,핀트투자증권,5075975220192,계좌26,KR7245710009,13549,19
박현지,핀트투자증권,5075975220192,계좌26,KR7195980008,10435,4
박현지,핀트투자증권,5075975220192,계좌26,KR7195980002,2379,5
박현지,핀트투자증권,5075975220192,계좌26,KR7261220008,9321,11
박현지,핀트투자증권,5075975220192,계좌26,KR7130680002,2495,10
박현지,핀트투자증권,5075975220192,계좌26,KR7153130000,7038,18
박현지,핀트투자증권,5075975220192,계좌26,KR7332620004,10402,1
박현지,핀트투자증권,5075975220192,계좌26,CASH,19242,1
김민준,베스트투자,9488595748506,계좌27,KR7360750004,14133,23
김민준,베스트투자,9488595748506,계좌27,KR7133690008,8528,14
김민준,베스트투자,9488595748506,계좌27,KR7203780002,5451,3
김민준,베스트투자,9488595748506,계좌27,KR7200020006,7136,24
김민준,베스트투자,9488595748506,계좌27,KR7251350005,11102,21
김민준,베스트투자,9488595748506,계좌27,KR7241180009,3034,15
김민준,베스트투자,9488595748506,계좌27,KR7245710009,6996,21
김민준,베스트투자,9488595748506,계좌27,KR7195980008,3843,19
김민준,베스트투자,9488595748506,계좌27,KR7195980002,4928,15
김민준,베스트투자,9488595748506,계좌27,KR7261220008,4209,14
김민준,베스트투자,9488595748506,계좌27,KR7130680002,11577,17
김민준,베스트투자,9488595748506,계좌27,KR7153130000,7980,18
김민준,베스트투자,9488595748506,계좌27,KR7332620004,5078,0
김민준,베스트투자,9488595748506,계좌27,CASH,20664,1
서정숙,디셈버증권,6920001737368,계좌28,KR7360750004,8871,15
서정숙,디셈버증권,6920001737368,계좌28,KR7133690008,4249,4
서정숙,디셈버증권,6920001737368,계좌28,KR7203780002,2670,21
서정숙,디셈버증권,6920001737368,계좌28,KR7200020006,1543,1
서정숙,디셈버증권,6920001737368,계좌28,KR7251350005,3644,6
서정숙,디셈버증권,6920001737368,계좌28,KR7241180009,10085,7
서정숙,디셈버증권,6920001737368,계좌28,KR7245710009,7079,24
서정숙,디셈버증권,6920001737368,계좌28,KR7195980008,4273,18
서정숙,디셈버증권,6920001737368,계좌28,KR7195980002,2018,13
서정숙,디셈버증권,6920001737368,계좌28,KR7261220008,7886,8
서정숙,디셈버증권,6920001737368,계좌28,KR7130680002,7768,16
서정숙,디셈버증권,6920001737368,계좌28,KR7153130000,10789,6
서정숙,디셈버증권,6920001737368,계좌28,KR7332620004,5615,18
서정숙,디셈버증권,6920001737368,계좌28,CASH,22079,1
지영일,핀트투자증권,400260069104,계좌29,KR7360750004,7529,9
지영일,핀트투자증권,400260069104,계좌29,KR7133690008,9456,0
지영일,핀트투자증권,400260069104,계좌29,KR7203780002,9200,22
지영일,핀트투자증권,400260069104,계좌29,KR7200020006,13460,18
지영일,핀트투자증권,400260069104,계좌29,KR7251350005,6312,13
지영일,핀트투자증권,400260069104,계좌29,KR7241180009,3498,18
지영일,핀트투자증권,400260069104,계좌29,KR7245710009,10272,1
지영일,핀트투자증권,400260069104,계좌29,KR7195980008,2925,8
지영일,핀트투자증권,400260069104,계좌29,KR7195980002,4715,7
지영일,핀트투자증권,400260069104,계좌29,KR7261220008,8929,18
지영일,핀트투자증권,400260069104,계좌29,KR7130680002,2295,17
지영일,핀트투자증권,400260069104,계좌29,KR7153130000,11855,8
지영일,핀트투자증권,400260069104,계좌29,KR7332620004,12885,6
지영일,핀트투자증권,400260069104,계좌29,CASH,12248,1
이서윤,베스트투자,7024425423292,계좌30,KR7360750004,7519,21
이서윤,베스트투자,7024425423292,계좌30,KR7133690008,7645,1
이서윤,베스트투자,7024425423292,계좌30,KR7203780002,8328,5
이서윤,베스트투자,7024425423292,계좌30,KR7200020006,10437,6
이서윤,베스트투자,7024425423292,계좌30,KR7251350005,2676,23
이서윤,베스트투자,7024425423292,계좌30,KR7241180009,1081,4
이서윤,베스트투자,7024425423292,계좌30,KR7245710009,4256,15
이서윤,베스트투자,7024425423292,계좌30,KR7195980008,9474,19
이서윤,베스트투자,7024425423292,계좌30,KR7195980002,10065,15
이서윤,베스트투자,7024425423292,계좌30,KR7261220008,8042,15
이서윤,베스트투자,7024425423292,계좌30,KR7130680002,1907,9
이서윤,베스트투자,7024425423292,계좌30,KR7153130000,9361,2
이서윤,베스트투자,7024425423292,계좌30,KR7332620004,13155,23
이서윤,베스트투자,7024425423292,계좌30,CASH,23491,1
박영식,디셈버증권,8140724367811,계좌31,KR7360750004,14584,5
박영식,디셈버증권,8140724367811,계좌31,KR7133690008,1134,8
박영식,디셈버증권,8140724367811,계좌31,KR7203780002,7641,21
박영식,디셈버증권,8140724367811,계좌31,KR7200020006,1839,14
박영식,디셈버증권,8140724367811,계좌31,KR7251350005,1985,8
박영식,디셈버증권,8140724367811,계좌31,KR7241180009,13554,11
박영식,디셈버증권,8140724367811,계좌31,KR7245710009,5402,1
박영식,디셈버증권,8140724367811,계좌31,KR7195980008,1168,4
박영식,디셈버증권,8140724367811,계좌31,KR7195980002,5609,12
박영식,디셈버증권,8140724367811,계좌31,KR7261220008,12577,2
박영식,디셈버증권,8140724367811,계좌31,KR7130680002,8346,13
박영식,디셈버증권,8140724367811,계좌31,KR7153130000,8406,10
박영식,디셈버증권,8140724367811,계좌31,KR7332620004,11295,14
박영식,디셈버증권,8140724367811,계좌31,CASH,12237,1
김현준,핀트투자증권,2294621770116,계좌32,KR7360750004,5237,10
김현준,핀트투자증권,2294621770116,계좌32,KR7133690008,9151,10
김현준,핀트투자증권,2294621770116,계좌32,KR7203780002,12648,22
김현준,핀트투자증권,2294621770116,계좌32,KR7200020006,9943,6
김현준,핀트투자증권,2294621770116,계좌32,KR7251350005,8842,10
김현준,핀트투자증권,2294621770116,계좌32,KR7241180009,3350,9
김현준,핀트투자증권,2294621770116,계좌32,KR7245710009,10576,23
김현준,핀트투자증권,2294621770116,계좌32,KR7195980008,12710,22
김현준,핀트투자증권,2294621770116,계좌32,KR7195980002,12162,21
김현준,핀트투자증권,2294621770116,계좌32,KR7261220008,4533,9
김현준,핀트투자증권,2294621770116,계좌32,KR7130680002,3068,18
김현준,핀트투자증권,2294621770116,계좌32,KR7153130000,10079,3
김현준,핀트투자증권,2294621770116,계좌32,KR7332620004,6545,11
김현준,핀트투자증권,2294621770116,계좌32,CASH,14774,1
박영철,베스트투자,4749384016769,계좌33,KR7360750004,13537,23
박영철,베스트투자,4749384016769,계좌33,KR7133690008,10587,10
박영철,베스트투자,4749384016769,계좌33,KR7203780002,4389,20
박영철,베스트투자,4749384016769,계좌33,KR7200020006,8936,4
박영철,베스트투자,4749384016769,계좌33,KR7251350005,9152,6
박영철,베스트투자,4749384016769,계좌33,KR7241180009,14449,7
박영철,베스트투자,4749384016769,계좌33,KR7245710009,3313,24
박영철,베스트투자,4749384016769,계좌33,KR7195980008,5649,6
박영철,베스트투자,4749384016769,계좌33,KR7195980002,5071,5
박영철,베스트투자,4749384016769,계좌33,KR7261220008,8314,6
박영철,베스트투자,4749384016769,계좌33,KR7130680002,4269,0
박영철,베스트투자,4749384016769,계좌33,KR7153130000,5517,4
박영철,베스트투자,4749384016769,계좌33,KR7332620004,2691,6
박영철,베스트투자,4749384016769,계좌33,CASH,15000,1
박정남,디셈버증권,5919102519875,계좌34,KR7360750004,13035,11
박정남,디셈버증권,5919102519875,계좌34,KR7133690008,1740,8
박정남,디셈버증권,5919102519875,계좌34,KR7203780002,10437,16
박정남,디셈버증권,5919102519875,계좌34,KR7200020006,9633,7
박정남,디셈버증권,5919102519875,계좌34,KR7251350005,8337,22
박정남,디셈버증권,5919102519875,계좌34,KR7241180009,8844,1
박정남,디셈버증권,5919102519875,계좌34,KR7245710009,1293,3
박정남,디셈버증권,5919102519875,계좌34,KR7195980008,9399,25
박정남,디셈버증권,5919102519875,계좌34,KR7195980002,14601,2
박정남,디셈버증권,5919102519875,계좌34,KR7261220008,8757,14
박정남,디셈버증권,5919102519875,계좌34,KR7130680002,12023,18
박정남,디셈버증권,5919102519875,계좌34,KR7153130000,7135,5
박정남,디셈버증권,5919102519875,계좌34,KR7332620004,9939,3
박정남,디셈버증권,5919102519875,계좌34,CASH,18737,1
이윤서,핀트투자증권,6929404483674,계좌35,KR7360750004,12900,21
이윤서,핀트투자증권,6929404483674,계좌35,KR7133690008,4673,4
이윤서,핀트투자증권,6929404483674,계좌35,KR7203780002,6358,17
이윤서,핀트투자증권,6929404483674,계좌35,KR7200020006,3780,20
이윤서,핀트투자증권,6929404483674,계좌35,KR7251350005,13827,23
이윤서,핀트투자증권,6929404483674,계좌35,KR7241180009,5679,17
이윤서,핀트투자증권,6929404483674,계좌35,KR7245710009,9650,15
이윤서,핀트투자증권,6929404483674,계좌35,KR7195980008,12852,19
이윤서,핀트투자증권,6929404483674,계좌35,KR7195980002,6877,14
이윤서,핀트투자증권,6929404483674,계좌35,KR7261220008,11011,8
이윤서,핀트투자증권,6929404483674,계좌35,KR7130680002,9407,10
이윤서,핀트투자증권,6929404483674,계좌35,KR7153130000,5305,22
이윤서,핀트투자증권,6929404483674,계좌35,KR7332620004,10250,9
이윤서,핀트투자증권,6929404483674,계좌35,CASH,20949,1
성지우,베스트투자,8451302951767,계좌36,KR7360750004,13974,11
성지우,베스트투자,8451302951767,계좌36,KR7133690008,14347,9
성지우,베스트투자,8451302951767,계좌36,KR7203780002,9321,10
성지우,베스트투자,8451302951767,계좌36,KR7200020006,7508,24
성지우,베스트투자,8451302951767,계좌36,KR7251350005,1812,9
성지우,베스트투자,8451302951767,계좌36,KR7241180009,9175,20
성지우,베스트투자,8451302951767,계좌36,KR7245710009,13576,20
성지우,베스트투자,8451302951767,계좌36,KR7195980008,4673,0
성지우,베스트투자,8451302951767,계좌36,KR7195980002,6820,15
성지우,베스트투자,8451302951767,계좌36,KR7261220008,13077,17
성지우,베스트투자,8451302951767,계좌36,KR7130680002,11861,10
성지우,베스트투자,8451302951767,계좌36,KR7153130000,11479,8
성지우,베스트투자,8451302951767,계좌36,KR7332620004,9519,14
성지우,베스트투자,8451302951767,계좌36,CASH,12219,1
허정희,디셈버증권,6326344485902,계좌37,KR7360750004,7999,8
허정희,디셈버증권,6326344485902,계좌37,KR7133690008,3840,3
허정희,디셈버증권,6326344485902,계좌37,KR7203780002,9346,11
허정희,디셈버증권,6326344485902,계좌37,KR7200020006,13397,1
허정희,디셈버증권,6326344485902,계좌37,KR7251350005,2602,12
허정희,디셈버증권,6326344485902,계좌37,KR7241180009,10829,24
허정희,디셈버증권,6326344485902,계좌37,KR7245710009,9766,10
허정희,디셈버증권,6326344485902,계좌37,KR7195980008,10426,16
허정희,디셈버증권,6326344485902,계좌37,KR7195980002,10269,25
허정희,디셈버증권,6326344485902,계좌37,KR7261220008,11999,1
허정희,디셈버증권,6326344485902,계좌37,KR7130680002,1598,4
허정희,디셈버증권,6326344485902,계좌37,KR7153130000,1372,10
허정희,디셈버증권,6326344485902,계좌37,KR7332620004,6376,13
허정희,디셈버증권,6326344485902,계좌37,CASH,15962,1
이승현,핀트투자증권,8207783478565,계좌38,KR7360750004,11938,16
이승현,핀트투자증권,8207783478565,계좌38,KR7133690008,7915,11
이승현,핀트투자증권,8207783478565,계좌38,KR7203780002,7985,9
이승현,핀트투자증권,8207783478565,계좌38,KR7200020006,6750,15
이승현,핀트투자증권,8207783478565,계좌38,KR7251350005,14038,11
이승현,핀트투자증권,8207783478565,계좌38,KR7241180009,3267,18
이승현,핀트투자증권,8207783478565,계좌38,KR7245710009,3829,15
이승현,핀트투자증권,8207783478565,계좌38,KR7195980008,1599,6
이승현,핀트투자증권,8207783478565,계좌38,KR7195980002,6594,16
이승현,핀트투자증권,8207783478565,계좌38,KR7261220008,9458,19
이승현,핀트투자증권,8207783478565,계좌38,KR7130680002,5411,21
이승현,핀트투자증권,8207783478565,계좌38,KR7153130000,5545,16
이승현,핀트투자증권,8207783478565,계좌38,KR7332620004,11365,2
이승현,핀트투자증권,8207783478565,계좌38,CASH,17345,1
안순자,베스트투자,7295570525784,계좌39,KR7360750004,7877,25
안순자,베스트투자,7295570525784,계좌39,KR7133690008,3956,25
안순자,베스트투자,7295570525784,계좌39,KR7203780002,7622,8
안순자,베스트투자,7295570525784,계좌39,KR7200020006,11181,4
안순자,베스트투자,7295570525784,계좌39,KR7251350005,14759,3
안순자,베스트투자,7295570525784,계좌39,KR7241180009,8867,24
안순자,베스트투자,7295570525784,계좌39,KR7245710009,14494,7
안순자,베스트투자,7295570525784,계좌39,KR7195980008,5241,4
안순자,베스트투자,7295570525784,계좌39,KR7195980002,13798,0
안순자,베스트투자,7295570525784,계좌39,KR7261220008,1204,5
안순자,베스트투자,7295570525784,계좌39,KR7130680002,9674,5
안순자,베스트투자,7295570525784,계좌39,KR7153130000,12898,1
안순자,베스트투자,7295570525784,계좌39,KR7332620004,6381,25
안순자,베스트투자,7295570525784,계좌39,CASH,14325,1
이정희,디셈버증권,1499162546195,계좌40,KR7360750004,11723,17
이정희,디셈버증권,1499162546195,계좌40,KR7133690008,5422,6
이정희,디셈버증권,1499162546195,계좌40,KR7203780002,11484,6
이정희,디셈버증권,1499162546195,계좌40,KR7200020006,13297,6
이정희,디셈버증권,1499162546195,계좌40,KR7251350005,6351,19
이정희,디셈버증권,1499162546195,계좌40,KR7241180009,3409,19
이정희,디셈버증권,1499162546195,계좌40,KR7245710009,8156,13
이정희,디셈버증권,1499162546195,계좌40,KR7195980008,10103,21
이정희,디셈버증권,1499162546195,계좌40,KR7195980002,9901,11
이정희,디셈버증권,1499162546195,계좌40,KR7261220008,11265,17
이정희,디셈버증권,1499162546195,계좌40,KR7130680002,12171,11
이정희,디셈버증권,1499162546195,계좌40,KR7153130000,13478,17
이정희,디셈버증권,1499162546195,계좌40,KR7332620004,5673,25
이정희,디셈버증권,1499162546195,계좌40,CASH,19743,1
장보람,핀트투자증권,9179726704637,계좌41,KR7360750004,3515,16
장보람,핀트투자증권,9179726704637,계좌41,KR7133690008,5229,0
장보람,핀트투자증권,9179726704637,계좌41,KR7203780002,6548,11
장보람,핀트투자증권,9179726704637,계좌41,KR7200020006,6469,11
장보람,핀트투자증권,9179726704637,계좌41,KR7251350005,9966,8
장보람,핀트투자증권,9179726704637,계좌41,KR7241180009,13253,7
장보람,핀트투자증권,9179726704637,계좌41,KR7245710009,6223,5
장보람,핀트투자증권,9179726704637,계좌41,KR7195980008,6821,19
장보람,핀트투자증권,9179726704637,계좌41,KR7195980002,1247,23
장보람,핀트투자증권,9179726704637,계좌41,KR7261220008,8244,9
장보람,핀트투자증권,9179726704637,계좌41,KR7130680002,12263,25
장보람,핀트투자증권,9179726704637,계좌41,KR7153130000,13234,19
장보람,핀트투자증권,9179726704637,계좌41,KR7332620004,4591,13
장보람,핀트투자증권,9179726704637,계좌41,CASH,19545,1
양서준,베스트투자,6519279422054,계좌42,KR7360750004,13060,10
양서준,베스트투자,6519279422054,계좌42,KR7133690008,5667,13
양서준,베스트투자,6519279422054,계좌42,KR7203780002,9910,1
양서준,베스트투자,6519279422054,계좌42,KR7200020006,8970,11
양서준,베스트투자,6519279422054,계좌42,KR7251350005,10041,21
양서준,베스트투자,6519279422054,계좌42,KR7241180009,4861,24
양서준,베스트투자,6519279422054,계좌42,KR7245710009,5441,19
양서준,베스트투자,6519279422054,계좌42,KR7195980008,3167,15
양서준,베스트투자,6519279422054,계좌42,KR7195980002,12643,23
양서준,베스트투자,6519279422054,계좌42,KR7261220008,7769,4
양서준,베스트투자,6519279422054,계좌42,KR7130680002,12535,23
양서준,베스트투자,6519279422054,계좌42,KR7153130000,13028,15
양서준,베스트투자,6519279422054,계좌42,KR7332620004,10597,7
양서준,베스트투자,6519279422054,계좌42,CASH,15772,1
김건우,디셈버증권,7458849838316,계좌43,KR7360750004,7187,13
김건우,디셈버증권,7458849838316,계좌43,KR7133690008,5072,7
김건우,디셈버증권,7458849838316,계좌43,KR7203780002,7072,3
김건우,디셈버증권,7458849838316,계좌43,KR7200020006,7412,10
김건우,디셈버증권,7458849838316,계좌43,KR7251350005,10364,18
김건우,디셈버증권,7458849838316,계좌43,KR7241180009,12516,17
김건우,디셈버증권,7458849838316,계좌43,KR7245710009,10923,18
김건우,디셈버증권,7458849838316,계좌43,KR7195980008,13674,10
김건우,디셈버증권,7458849838316,계좌43,KR7195980002,12120,12
김건우,디셈버증권,7458849838316,계좌43,KR7261220008,8071,2
김건우,디셈버증권,7458849838316,계좌43,KR7130680002,7992,12
김건우,디셈버증권,7458849838316,계좌43,KR7153130000,8819,22
김건우,디셈버증권,7458849838316,계좌43,KR7332620004,12728,16
김건우,디셈버증권,7458849838316,계좌43,CASH,15707,1
김선영,핀트투자증권,3019975618285,계좌44,KR7360750004,3915,23
김선영,핀트투자증권,3019975618285,계좌44,KR7133690008,12118,19
김선영,핀트투자증권,3019975618285,계좌44,KR7203780002,11451,23
김선영,핀트투자증권,3019975618285,계좌44,KR7200020006,14497,9
김선영,핀트투자증권,3019975618285,계좌44,KR7251350005,1866,14
김선영,핀트투자증권,3019975618285,계좌44,KR7241180009,8362,21
김선영,핀트투자증권,3019975618285,계좌44,KR7245710009,3960,25
김선영,핀트투자증권,3019975618285,계좌44,KR7195980008,12512,7
김선영,핀트투자증권,3019975618285,계좌44,KR7195980002,10977,13
김선영,핀트투자증권,3019975618285,계좌44,KR7261220008,2118,19
김선영,핀트투자증권,3019975618285,계좌44,KR7130680002,13222,22
김선영,핀트투자증권,3019975618285,계좌44,KR7153130000,9761,20
김선영,핀트투자증권,3019975618285,계좌44,KR7332620004,6211,7
김선영,핀트투자증권,3019975618285,계좌44,CASH,12700,1
이병철,베스트투자,8055006750642,계좌45,KR7360750004,2506,3
이병철,베스트투자,8055006750642,계좌45,KR7133690008,2274,25
이병철,베스트투자,8055006750642,계좌45,KR7203780002,11467,19
이병철,베스트투자,8055006750642,계좌45,KR7200020006,2743,23
이병철,베스트투자,8055006750642,계좌45,KR7251350005,5810,13
이병철,베스트투자,8055006750642,계좌45,KR7241180009,6064,18
이병철,베스트투자,8055006750642,계좌45,KR7245710009,13796,14
이병철,베스트투자,8055006750642,계좌45,KR7195980008,2354,19
이병철,베스트투자,8055006750642,계좌45,KR7195980002,14067,16
이병철,베스트투자,8055006750642,계좌45,KR7261220008,2583,4
이병철,베스트투자,8055006750642,계좌45,KR7130680002,5030,14
이병철,베스트투자,8055006750642,계좌45,KR7153130000,11373,2
이병철,베스트투자,8055006750642,계좌45,KR7332620004,1581,0
이병철,베스트투자,8055006750642,계좌45,CASH,18481,1
최상훈,디셈버증권,2740879249145,계좌46,KR7360750004,14873,23
최상훈,디셈버증권,2740879249145,계좌46,KR7133690008,12569,21
최상훈,디셈버증권,2740879249145,계좌46,KR7203780002,4323,15
최상훈,디셈버증권,2740879249145,계좌46,KR7200020006,1314,3
최상훈,디셈버증권,2740879249145,계좌46,KR7251350005,8291,8
최상훈,디셈버증권,2740879249145,계좌46,KR7241180009,1526,25
최상훈,디셈버증권,2740879249145,계좌46,KR7245710009,7536,1
최상훈,디셈버증권,2740879249145,계좌46,KR7195980008,2755,0
최상훈,디셈버증권,2740879249145,계좌46,KR7195980002,2336,11
최상훈,디셈버증권,2740879249145,계좌46,KR7261220008,5975,8
최상훈,디셈버증권,2740879249145,계좌46,KR7130680002,13950,24
최상훈,디셈버증권,2740879249145,계좌46,KR7153130000,9792,11
최상훈,디셈버증권,2740879249145,계좌46,KR7332620004,14394,12
최상훈,디셈버증권,2740879249145,계좌46,CASH,24381,1
김채원,핀트투자증권,323875589594,계좌47,KR7360750004,1444,20
김채원,핀트투자증권,323875589594,계좌47,KR7133690008,9764,15
김채원,핀트투자증권,323875589594,계좌47,KR7203780002,2524,10
김채원,핀트투자증권,323875589594,계좌47,KR7200020006,12092,10
김채원,핀트투자증권,323875589594,계좌47,KR7251350005,1941,9
김채원,핀트투자증권,323875589594,계좌47,KR7241180009,13511,9
김채원,핀트투자증권,323875589594,계좌47,KR7245710009,13524,21
김채원,핀트투자증권,323875589594,계좌47,KR7195980008,12813,13
김채원,핀트투자증권,323875589594,계좌47,KR7195980002,8406,10
김채원,핀트투자증권,323875589594,계좌47,KR7261220008,6843,10
김채원,핀트투자증권,323875589594,계좌47,KR7130680002,3415,18
김채원,핀트투자증권,323875589594,계좌47,KR7153130000,7365,13
김채원,핀트투자증권,323875589594,계좌47,KR7332620004,9794,18
김채원,핀트투자증권,323875589594,계좌47,CASH,12087,1
이민지,베스트투자,8729221637636,계좌48,KR7360750004,3869,25
이민지,베스트투자,8729221637636,계좌48,KR7133690008,11492,18
이민지,베스트투자,8729221637636,계좌48,KR7203780002,6195,15
이민지,베스트투자,8729221637636,계좌48,KR7200020006,4867,15
이민지,베스트투자,8729221637636,계좌48,KR7251350005,2375,19
이민지,베스트투자,8729221637636,계좌48,KR7241180009,5930,0
이민지,베스트투자,8729221637636,계좌48,KR7245710009,3701,24
이민지,베스트투자,8729221637636,계좌48,KR7195980008,3120,5
이민지,베스트투자,8729221637636,계좌48,KR7195980002,3729,25
이민지,베스트투자,8729221637636,계좌48,KR7261220008,10455,2
이민지,베스트투자,8729221637636,계좌48,KR7130680002,2440,17
이민지,베스트투자,8729221637636,계좌48,KR7153130000,7572,24
이민지,베스트투자,8729221637636,계좌48,KR7332620004,3552,24
이민지,베스트투자,8729221637636,계좌48,CASH,18679,1
김성훈,디셈버증권,3917110894030,계좌49,KR7360750004,13364,18
김성훈,디셈버증권,3917110894030,계좌49,KR7133690008,9063,2
김성훈,디셈버증권,3917110894030,계좌49,KR7203780002,7563,16
김성훈,디셈버증권,3917110894030,계좌49,KR7200020006,5905,6
김성훈,디셈버증권,3917110894030,계좌49,KR7251350005,3888,2
김성훈,디셈버증권,3917110894030,계좌49,KR7241180009,14944,10
김성훈,디셈버증권,3917110894030,계좌49,KR7245710009,12247,20
김성훈,디셈버증권,3917110894030,계좌49,KR7195980008,3500,8
김성훈,디셈버증권,3917110894030,계좌49,KR7195980002,4658,5
김성훈,디셈버증권,3917110894030,계좌49,KR7261220008,6438,7
김성훈,디셈버증권,3917110894030,계좌49,KR7130680002,5042,9
김성훈,디셈버증권,3917110894030,계좌49,KR7153130000,3857,19
김성훈,디셈버증권,3917110894030,계좌49,KR7332620004,7044,16
김성훈,디셈버증권,3917110894030,계좌49,CASH,11181,1
양진우,핀트투자증권,7441196412742,계좌50,KR7360750004,9371,14
양진우,핀트투자증권,7441196412742,계좌50,KR7133690008,1452,6
양진우,핀트투자증권,7441196412742,계좌50,KR7203780002,5084,9
양진우,핀트투자증권,7441196412742,계좌50,KR7200020006,11618,20
양진우,핀트투자증권,7441196412742,계좌50,KR7251350005,1309,15
양진우,핀트투자증권,7441196412742,계좌50,KR7241180009,10150,7
양진우,핀트투자증권,7441196412742,계좌50,KR7245710009,8093,14
양진우,핀트투자증권,7441196412742,계좌50,KR7195980008,11841,12
양진우,핀트투자증권,7441196412742,계좌50,KR7195980002,14080,21
양진우,핀트투자증권,7441196412742,계좌50,KR7261220008,5573,8
양진우,핀트투자증권,7441196412742,계좌50,KR7130680002,6630,12
양진우,핀트투자증권,7441196412742,계좌50,KR7153130000,8583,23
양진우,핀트투자증권,7441196412742,계좌50,KR7332620004,8686,9
양진우,핀트투자증권,7441196412742,계좌50,CASH,20503,1